{
  "panel": "experiment_b1",
  "test_years": [
    2017,
    2018,
    2019,
    2020,
    2021,
    2022,
    2023,
    2024
  ],
  "n_test_quarters": 32,
  "mean_delta_M2_vs_G1": 0.02883448538648037,
  "h1_verdict": "SUPPORTED",
  "h1_one_sided_p_hac_bw1": 1.9858012050252277e-06,
  "all_cis_exclude_zero": true,
  "hac_results": {
    "standard": {
      "t": 10.834303509855205,
      "p": 1.2585168739192389e-05,
      "se": 0.0026614064632998016,
      "ci_lo": 0.02399460065340495,
      "ci_hi": 0.03374707234502066
    },
    "hac_bw1": {
      "t": 12.86916174422187,
      "p": 3.9716024100504555e-06,
      "se": 0.0022405876901365994
    },
    "hac_bw2": {
      "t": 17.73850765779033,
      "p": 4.462931687011895e-07,
      "se": 0.0016255305092600027
    },
    "hac_bw3": {
      "t": 19.21569010125583,
      "p": 2.575157200796197e-07,
      "se": 0.0015005698590338896
    },
    "block_bs_bl2": {
      "ci_lo": 0.023937036544044818,
      "ci_hi": 0.031069235168990045
    },
    "block_bs_bl3": {
      "ci_lo": 0.024370793280333883,
      "ci_hi": 0.03131499381047953
    }
  },
  "architectures_mean_r2": {
    "G0": 0.6623554147349064,
    "block_AR1_FE": 0.6801234114442094,
    "G1": 0.6869868687984315,
    "M2": 0.7158213541849119
  }
}