{
  "panel": "experiment_b1",
  "test_years": [
    2017,
    2018,
    2019,
    2020,
    2021,
    2022,
    2023,
    2024
  ],
  "n_test_quarters": 32,
  "mean_delta_M2_vs_G1": 0.01005485677933396,
  "h1_verdict": "SUPPORTED",
  "h1_one_sided_p_hac_bw1": 0.00193492924381324,
  "all_cis_exclude_zero": true,
  "hac_results": {
    "standard": {
      "t": 3.642358596093797,
      "p": 0.008261205811767912,
      "se": 0.0027605345586008932,
      "ci_lo": 0.0053062421312903285,
      "ci_hi": 0.015289860401959777
    },
    "hac_bw1": {
      "t": 4.233804599856058,
      "p": 0.00386985848762648,
      "se": 0.0023748986383726367
    },
    "hac_bw2": {
      "t": 6.501920908263911,
      "p": 0.00033353036629677423,
      "se": 0.0015464440311099882
    },
    "hac_bw3": {
      "t": 5.866632120819009,
      "p": 0.0006200526891856104,
      "se": 0.0017139061342626432
    },
    "block_bs_bl2": {
      "ci_lo": 0.006023240830578508,
      "ci_hi": 0.014458169561921405
    },
    "block_bs_bl3": {
      "ci_lo": 0.00816171618380157,
      "ci_hi": 0.013686715959730228
    }
  },
  "architectures_mean_r2": {
    "G0": 0.6623554147349064,
    "block_AR1_FE": 0.6809310810209146,
    "G1": 0.6869868687984315,
    "M2": 0.6970417255777654
  }
}