{
  "panel": "experiment_b1",
  "test_years": [
    2017,
    2018,
    2019,
    2020,
    2021,
    2022,
    2023,
    2024
  ],
  "n_test_quarters": 32,
  "mean_delta_M2_vs_G1": 0.00838726850961527,
  "h1_verdict": "NOT SUPPORTED",
  "h1_one_sided_p_hac_bw1": 0.06199008944249604,
  "all_cis_exclude_zero": false,
  "hac_results": {
    "standard": {
      "t": 1.9934655724551194,
      "p": 0.08644836757591251,
      "se": 0.004207380666868326,
      "ci_lo": 0.0004255697962707896,
      "ci_hi": 0.01576929131241582
    },
    "hac_bw1": {
      "t": 1.7478562098658987,
      "p": 0.12398017888499208,
      "se": 0.0047986032616829325
    },
    "hac_bw2": {
      "t": 1.736147437745743,
      "p": 0.12611515720596292,
      "se": 0.004830965577730833
    },
    "hac_bw3": {
      "t": 1.9546213706465885,
      "p": 0.09154223416627348,
      "se": 0.004290993967205404
    },
    "block_bs_bl2": {
      "ci_lo": -0.0021241583607822523,
      "ci_hi": 0.0153306488502392
    },
    "block_bs_bl3": {
      "ci_lo": -0.0017586314496380595,
      "ci_hi": 0.013120787670077558
    }
  },
  "architectures_mean_r2": {
    "G0": 0.7373179275494406,
    "block_AR1_FE": 0.7630951599235442,
    "G1": 0.7622244819984104,
    "M2": 0.7706117505080257
  }
}