{
  "panel": "experiment_b1",
  "test_years": [
    2017,
    2018,
    2019,
    2020,
    2021,
    2022,
    2023,
    2024
  ],
  "n_test_quarters": 32,
  "mean_delta_M2_vs_G1": 0.044034867559258756,
  "h1_verdict": "SUPPORTED",
  "h1_one_sided_p_hac_bw1": 0.011104783747536429,
  "all_cis_exclude_zero": true,
  "hac_results": {
    "standard": {
      "t": 3.6197208558261935,
      "p": 0.008513355833856229,
      "se": 0.012165266138791217,
      "ci_lo": 0.023679559142170816,
      "ci_hi": 0.06789139461144235
    },
    "hac_bw1": {
      "t": 2.924113442486903,
      "p": 0.022209567495072857,
      "se": 0.015059219973971987
    },
    "hac_bw2": {
      "t": 2.7341875068716113,
      "p": 0.029161825227434112,
      "se": 0.016105284457846984
    },
    "hac_bw3": {
      "t": 2.7716960152547228,
      "p": 0.02762654421284179,
      "se": 0.015887336604339667
    },
    "block_bs_bl2": {
      "ci_lo": 0.018570848438978785,
      "ci_hi": 0.07433589467487664
    },
    "block_bs_bl3": {
      "ci_lo": 0.017412218539686386,
      "ci_hi": 0.0654816241159172
    }
  },
  "architectures_mean_r2": {
    "G0": 0.7470670939763029,
    "block_AR1_FE": 0.7673192056722073,
    "G1": 0.6936114069565542,
    "M2": 0.737646274515813
  }
}