{
  "panel": "experiment_b1",
  "test_years": [
    2017,
    2018,
    2019,
    2020,
    2021,
    2022,
    2023,
    2024
  ],
  "n_test_quarters": 32,
  "mean_delta_M2_vs_G1": 0.012746920302520079,
  "h1_verdict": "NOT SUPPORTED",
  "h1_one_sided_p_hac_bw1": 0.09630326601068899,
  "all_cis_exclude_zero": false,
  "hac_results": {
    "standard": {
      "t": 1.7648800890988425,
      "p": 0.13785386548026873,
      "se": 0.007222541849304179,
      "ci_lo": 8.157749465720343e-06,
      "ci_hi": 0.02500961175637717
    },
    "hac_bw1": {
      "t": 1.505225625049377,
      "p": 0.19260653202137798,
      "se": 0.00846844492306722
    },
    "hac_bw2": {
      "t": 1.6464356903908424,
      "p": 0.1605919168026515,
      "se": 0.007742130699009644
    },
    "hac_bw3": {
      "t": 2.1726269975095143,
      "p": 0.08187110571703618,
      "se": 0.005867054177791168
    },
    "block_bs_bl2": {
      "ci_lo": -0.0053088936694520306,
      "ci_hi": 0.02746887515974855
    },
    "block_bs_bl3": {
      "ci_lo": -0.0012330047129484785,
      "ci_hi": 0.024244520393160236
    }
  },
  "architectures_mean_r2": {
    "G0": 0.7112493034061956,
    "block_AR1_FE": 0.7469516421172777,
    "G1": 0.7547265183780595,
    "M2": 0.7674734386805796
  }
}