{
  "panel": "experiment_b1",
  "test_years": [
    2017,
    2018,
    2019,
    2020,
    2021,
    2022,
    2023,
    2024
  ],
  "n_test_quarters": 32,
  "mean_delta_M2_vs_G1": 0.00855220956185579,
  "h1_verdict": "SUPPORTED",
  "h1_one_sided_p_hac_bw1": 0.011025010051817226,
  "all_cis_exclude_zero": true,
  "hac_results": {
    "standard": {
      "t": 2.4413066973245487,
      "p": 0.044673241240930285,
      "se": 0.003503127882796634,
      "ci_lo": 0.002136563283852839,
      "ci_hi": 0.014982903601635575
    },
    "hac_bw1": {
      "t": 2.9291791574548407,
      "p": 0.022050020103634452,
      "se": 0.002919660799883197
    },
    "hac_bw2": {
      "t": 2.495275058184997,
      "p": 0.04127663571534446,
      "se": 0.003427361458129774
    },
    "hac_bw3": {
      "t": 2.6384863188984986,
      "p": 0.03349704734517366,
      "se": 0.0032413317820143635
    },
    "block_bs_bl2": {
      "ci_lo": 0.0033385531250513384,
      "ci_hi": 0.013300529420377946
    },
    "block_bs_bl3": {
      "ci_lo": 0.002926810185182621,
      "ci_hi": 0.013798507554906192
    }
  },
  "architectures_mean_r2": {
    "G0": 0.7960844540955287,
    "block_AR1_FE": 0.8149548579437405,
    "G1": 0.8133394279762458,
    "M2": 0.8218916375381016
  }
}