{
  "panel": "experiment_b1",
  "test_years": [
    2017,
    2018,
    2019,
    2020,
    2021,
    2022,
    2023,
    2024
  ],
  "n_test_quarters": 32,
  "mean_delta_M2_vs_G1": 0.030419194725815057,
  "h1_verdict": "SUPPORTED",
  "h1_one_sided_p_hac_bw1": 1.1381193519704188e-07,
  "all_cis_exclude_zero": true,
  "hac_results": {
    "standard": {
      "t": 13.335023805144104,
      "p": 3.1234229913793696e-06,
      "se": 0.0022811503879041134,
      "ci_lo": 0.026246359103185568,
      "ci_hi": 0.03452008858187086
    },
    "hac_bw1": {
      "t": 19.56309760899177,
      "p": 2.2762387039408375e-07,
      "se": 0.0015549273092535971
    },
    "hac_bw2": {
      "t": 26.97172797411747,
      "p": 2.46873001542769e-08,
      "se": 0.0011278177933206888
    },
    "hac_bw3": {
      "t": 20.609811089533395,
      "p": 1.5891634235312127e-07,
      "se": 0.0014759569893031826
    },
    "block_bs_bl2": {
      "ci_lo": 0.027429967691209714,
      "ci_hi": 0.033026496306799796
    },
    "block_bs_bl3": {
      "ci_lo": 0.028020843901697706,
      "ci_hi": 0.030821317662609676
    }
  },
  "architectures_mean_r2": {
    "G0": 0.6766175340049232,
    "block_AR1_FE": 0.7013783086324233,
    "G1": 0.7031692793290483,
    "M2": 0.7335884740548633
  }
}