{
  "panel": "experiment_b1",
  "test_years": [
    2017,
    2018,
    2019,
    2020,
    2021,
    2022,
    2023,
    2024
  ],
  "n_test_quarters": 32,
  "mean_delta_M2_vs_G1": 0.023670781200122767,
  "h1_verdict": "SUPPORTED",
  "h1_one_sided_p_hac_bw1": 0.013769631426934395,
  "all_cis_exclude_zero": true,
  "hac_results": {
    "standard": {
      "t": 3.297253701498717,
      "p": 0.013170381031225135,
      "se": 0.007178938396327699,
      "ci_lo": 0.01121231684854114,
      "ci_hi": 0.037244924141876926
    },
    "hac_bw1": {
      "t": 2.773893596601434,
      "p": 0.02753926285386879,
      "se": 0.008533413548783607
    },
    "hac_bw2": {
      "t": 2.600548712727046,
      "p": 0.0353968784677429,
      "se": 0.009102225651178276
    },
    "hac_bw3": {
      "t": 2.5646947160733147,
      "p": 0.03729532266418841,
      "se": 0.009229473220252898
    },
    "block_bs_bl2": {
      "ci_lo": 0.008069277462506713,
      "ci_hi": 0.038059367713531286
    },
    "block_bs_bl3": {
      "ci_lo": 0.008069277462506713,
      "ci_hi": 0.036024438784616794
    }
  },
  "architectures_mean_r2": {
    "G0": 0.7556148410783106,
    "block_AR1_FE": 0.7600940121897671,
    "G1": 0.7540326289364749,
    "M2": 0.7777034101365977
  }
}