{
  "panel": "experiment_b1",
  "test_years": [
    2017,
    2018,
    2019,
    2020,
    2021,
    2022,
    2023,
    2024
  ],
  "n_test_quarters": 32,
  "mean_delta_M2_vs_G1": 0.016985441626620024,
  "h1_verdict": "SUPPORTED",
  "h1_one_sided_p_hac_bw1": 6.758749879535798e-05,
  "all_cis_exclude_zero": true,
  "hac_results": {
    "standard": {
      "t": 6.16992874201983,
      "p": 0.00045851015627319764,
      "se": 0.002752939675128169,
      "ci_lo": 0.011914765117124365,
      "ci_hi": 0.021880200721231424
    },
    "hac_bw1": {
      "t": 7.518592261852595,
      "p": 0.00013517499759071596,
      "se": 0.002259125250454103
    },
    "hac_bw2": {
      "t": 10.912027850910892,
      "p": 1.2000762392081839e-05,
      "se": 0.0015565797538907625
    },
    "hac_bw3": {
      "t": 9.048633030458733,
      "p": 4.1187152381341036e-05,
      "se": 0.001877127911966933
    },
    "block_bs_bl2": {
      "ci_lo": 0.012216389902491478,
      "ci_hi": 0.020156516039218364
    },
    "block_bs_bl3": {
      "ci_lo": 0.0126787493258302,
      "ci_hi": 0.018518764838593743
    }
  },
  "architectures_mean_r2": {
    "G0": 0.7449500728345715,
    "block_AR1_FE": 0.7667585128873381,
    "G1": 0.7528541612363631,
    "M2": 0.769839602862983
  }
}