{
  "panel": "experiment_b1",
  "test_years": [
    2017,
    2018,
    2019,
    2020,
    2021,
    2022,
    2023,
    2024
  ],
  "n_test_quarters": 32,
  "mean_delta_M2_vs_G1": 0.014531785785682885,
  "h1_verdict": "SUPPORTED",
  "h1_one_sided_p_hac_bw1": 0.010477762058704635,
  "all_cis_exclude_zero": true,
  "hac_results": {
    "standard": {
      "t": 3.360763185823323,
      "p": 0.012071721776101779,
      "se": 0.004323954108692391,
      "ci_lo": 0.006987550637569969,
      "ci_hi": 0.02259095833922021
    },
    "hac_bw1": {
      "t": 2.9650107484201413,
      "p": 0.02095552411740927,
      "se": 0.004901090423846158
    },
    "hac_bw2": {
      "t": 2.8493285865246167,
      "p": 0.02471218553878935,
      "se": 0.005100073699610614
    },
    "hac_bw3": {
      "t": 2.745055263336183,
      "p": 0.02870800462099915,
      "se": 0.005293804456243181
    },
    "block_bs_bl2": {
      "ci_lo": 0.004697270730915304,
      "ci_hi": 0.02228000383458649
    },
    "block_bs_bl3": {
      "ci_lo": 0.0038810960222710605,
      "ci_hi": 0.021227917243378164
    }
  },
  "architectures_mean_r2": {
    "G0": 0.7556148410783106,
    "block_AR1_FE": 0.7597546778737829,
    "G1": 0.7540326289364749,
    "M2": 0.7685644147221579
  }
}