{
  "panel": "experiment_b1",
  "n_placebo": 1000,
  "test_years": [
    2017,
    2018,
    2019,
    2020,
    2021,
    2022,
    2023,
    2024
  ],
  "real_block_sizes": [
    0,
    9,
    32
  ],
  "nonempty_block_sizes_used": [
    9,
    32
  ],
  "real_mean_delta": 0.00855220956185579,
  "placebo_mean": 0.005184635715822802,
  "placebo_std": 0.00258821201769084,
  "placebo_min": -0.0007883741335392574,
  "placebo_max": 0.012751689337763425,
  "placebo_p95": 0.009913060318756215,
  "placebo_p99": 0.011238992805657263,
  "placebo_p_value": 0.129,
  "z_score": 1.3011197780611037,
  "verdict": "FAILED"
}